Project,Version,Bug_ID,Method,GTF,Top_Rank,MRR,MAP
bottlepy+bottle,0.11.6,513,buglocator,2,1,1,0.75
bottlepy+bottle,0.11.6,513,bluir,2,1,1,0.535714286
bottlepy+bottle,0.12.17,1177,buglocator,1,1,1,1
bottlepy+bottle,0.12.17,1177,bluir,1,1,1,1
bottlepy+bottle,0.12.18,1187,buglocator,2,1,1,1
bottlepy+bottle,0.12.18,1187,bluir,2,1,1,1
bottlepy+bottle,0.8.5,130,buglocator,2,1,1,1
bottlepy+bottle,0.8.5,130,bluir,2,2,0.5,0.361111111
bottlepy+bottle,0.8.5,145,buglocator,2,3,0.333333333,0.257575758
bottlepy+bottle,0.8.5,145,bluir,2,16,0.0625,0.086805556
certbot+certbot,v0.0.0.dev20151104,1322,buglocator,2,3,0.333333333,0.233333333
certbot+certbot,v0.0.0.dev20151104,1322,bluir,2,1,1,1
certbot+certbot,v0.0.0.dev20151107,1417,buglocator,5,4,0.25,0.246666667
certbot+certbot,v0.0.0.dev20151107,1417,bluir,5,1,1,0.423232323
certbot+certbot,v0.1.0,1795,buglocator,2,1,1,1
certbot+certbot,v0.1.0,1795,bluir,2,8,0.125,0.118055556
certbot+certbot,v0.15.0,4840,buglocator,2,27,0.037037037,0.047089947
certbot+certbot,v0.15.0,4840,bluir,2,4,0.25,0.236111111
certbot+certbot,v0.16.0,4945,buglocator,3,12,0.083333333,0.070276498
certbot+certbot,v0.16.0,4945,bluir,3,3,0.333333333,0.311111111
certbot+certbot,v0.23.0,5870,buglocator,1,4,0.25,0.25
certbot+certbot,v0.23.0,5870,bluir,1,10,0.1,0.1
certbot+certbot,v0.3.0,2341,buglocator,2,1,1,0.833333333
certbot+certbot,v0.3.0,2341,bluir,2,49,0.020408163,0.021315193
certbot+certbot,v0.30.0,6674,buglocator,1,245,0.004081633,0.004081633
certbot+certbot,v0.30.0,6674,bluir,1,134,0.007462687,0.007462687
certbot+certbot,v0.32.0,6828,buglocator,2,10,0.1,0.093478261
certbot+certbot,v0.32.0,6828,bluir,2,87,0.011494253,0.014221703
certbot+certbot,v0.32.0,6836,buglocator,1,1,1,1
certbot+certbot,v0.32.0,6836,bluir,1,29,0.034482759,0.034482759
certbot+certbot,v0.32.0,6899,buglocator,2,2,0.5,0.392857143
certbot+certbot,v0.32.0,6899,bluir,2,4,0.25,0.236111111
certbot+certbot,v0.32.0,6901,buglocator,3,22,0.045454545,0.046028708
certbot+certbot,v0.32.0,6901,bluir,3,3,0.333333333,0.198989899
certbot+certbot,v0.33.1,6955,buglocator,1,179,0.005586592,0.005586592
certbot+certbot,v0.33.1,6955,bluir,1,315,0.003174603,0.003174603
certbot+certbot,v0.33.1,6974,buglocator,4,1,1,0.531827136
certbot+certbot,v0.33.1,6974,bluir,4,1,1,0.725
certbot+certbot,v0.34.2,7089,buglocator,1,3,0.333333333,0.333333333
certbot+certbot,v0.34.2,7089,bluir,1,259,0.003861004,0.003861004
certbot+certbot,v0.34.2,7110,buglocator,2,8,0.125,0.115131579
certbot+certbot,v0.34.2,7110,bluir,2,160,0.00625,0.00904216
certbot+certbot,v0.34.2,7115,buglocator,15,9,0.111111111,0.072502458
certbot+certbot,v0.34.2,7115,bluir,15,1,1,0.375141793
certbot+certbot,v0.35.1,7152,buglocator,3,1,1,0.833333333
certbot+certbot,v0.35.1,7152,bluir,3,6,0.166666667,0.142592593
certbot+certbot,v0.35.1,7212,buglocator,24,3,0.333333333,0.38716078
certbot+certbot,v0.35.1,7212,bluir,24,18,0.055555556,0.071703577
certbot+certbot,v0.36.0,7248,buglocator,1,8,0.125,0.125
certbot+certbot,v0.36.0,7248,bluir,1,127,0.007874016,0.007874016
certbot+certbot,v0.36.0,7305,buglocator,1,1,1,1
certbot+certbot,v0.36.0,7305,bluir,1,306,0.003267974,0.003267974
certbot+certbot,v0.38.0,7405,buglocator,3,5,0.2,0.092186089
certbot+certbot,v0.38.0,7405,bluir,3,5,0.2,0.11596548
certbot+certbot,v0.39.0,7452,buglocator,3,8,0.125,0.137745098
certbot+certbot,v0.39.0,7452,bluir,3,3,0.333333333,0.240277778
certbot+certbot,v0.39.0,7454,buglocator,9,1,1,0.585045479
certbot+certbot,v0.39.0,7454,bluir,9,1,1,0.358483286
certbot+certbot,v0.39.0,7500,buglocator,2,6,0.166666667,0.142156863
certbot+certbot,v0.39.0,7500,bluir,2,5,0.2,0.147619048
certbot+certbot,v0.4.0,2542,buglocator,1,1,1,1
certbot+certbot,v0.4.0,2542,bluir,1,1,1,1
certbot+certbot,v0.40.0,7502,buglocator,2,2,0.5,0.583333333
certbot+certbot,v0.40.0,7502,bluir,2,6,0.166666667,0.183333333
certbot+certbot,v0.40.1,7553,buglocator,38,5,0.2,0.263136815
certbot+certbot,v0.40.1,7553,bluir,38,1,1,0.512425646
certbot+certbot,v0.8.1,3179,buglocator,11,48,0.020833333,0.061450951
certbot+certbot,v0.8.1,3179,bluir,11,23,0.043478261,0.080190051
certbot+certbot,v0.9.3,3637,buglocator,2,33,0.03030303,0.043722944
certbot+certbot,v0.9.3,3637,bluir,2,1,1,0.576923077
certbot+certbot,v0.9.3,3987,buglocator,2,95,0.010526316,0.013137174
certbot+certbot,v0.9.3,3987,bluir,2,46,0.02173913,0.031702899
certbot+certbot,v0.9.3,4011,buglocator,1,20,0.05,0.05
certbot+certbot,v0.9.3,4011,bluir,1,24,0.041666667,0.041666667
certbot+certbot,v1.1.0,7683,buglocator,1,2,0.5,0.5
certbot+certbot,v1.1.0,7683,bluir,1,1,1,1
certbot+certbot,v1.1.0,7692,buglocator,1,27,0.037037037,0.037037037
certbot+certbot,v1.1.0,7692,bluir,1,73,0.01369863,0.01369863
certbot+certbot,v1.10.1,8540,buglocator,5,1,1,0.339539995
certbot+certbot,v1.10.1,8540,bluir,5,7,0.142857143,0.063221889
certbot+certbot,v1.10.1,8569,buglocator,4,1,1,0.525
certbot+certbot,v1.10.1,8569,bluir,4,2,0.5,0.355952381
certbot+certbot,v1.15.0,8848,buglocator,2,32,0.03125,0.02932363
certbot+certbot,v1.15.0,8848,bluir,2,19,0.052631579,0.040204678
certbot+certbot,v1.17.0,8940,buglocator,2,5,0.2,0.2
certbot+certbot,v1.17.0,8940,bluir,2,8,0.125,0.153409091
certbot+certbot,v2.0.0,9481,buglocator,1,2,0.5,0.5
certbot+certbot,v2.0.0,9481,bluir,1,12,0.083333333,0.083333333
certbot+certbot,v2.4.0,9635,buglocator,4,1,1,0.691666667
certbot+certbot,v2.4.0,9635,bluir,4,1,1,0.491203704
cherrypy+cherrypy,1285-always-bytes,1675,buglocator,1,3,0.333333333,0.333333333
cherrypy+cherrypy,1285-always-bytes,1675,bluir,1,1,1,1
cherrypy+cherrypy,v14.0.0,1693,buglocator,1,1,1,1
cherrypy+cherrypy,v14.0.0,1693,bluir,1,65,0.015384615,0.015384615
cherrypy+cherrypy,v18.3.0,1818,buglocator,2,12,0.083333333,0.056372549
cherrypy+cherrypy,v18.3.0,1818,bluir,2,10,0.1,0.059174312
cherrypy+cherrypy,v18.6.0,1873,buglocator,1,1,1,1
cherrypy+cherrypy,v18.6.0,1873,bluir,1,2,0.5,0.5
encode+django-rest-framework,2.2.2,707,buglocator,1,2,0.5,0.5
encode+django-rest-framework,2.2.2,707,bluir,1,1,1,1
encode+django-rest-framework,2.3.13,1517,buglocator,1,34,0.029411765,0.029411765
encode+django-rest-framework,2.3.13,1517,bluir,1,37,0.027027027,0.027027027
encode+django-rest-framework,2.3.13,1519,buglocator,1,5,0.2,0.2
encode+django-rest-framework,2.3.13,1519,bluir,1,3,0.333333333,0.333333333
encode+django-rest-framework,2.3.14,1708,buglocator,2,1,1,0.5625
encode+django-rest-framework,2.3.14,1708,bluir,2,29,0.034482759,0.041050903
encode+django-rest-framework,2.3.14,1773,buglocator,3,1,1,1
encode+django-rest-framework,2.3.14,1773,bluir,3,1,1,0.722222222
encode+django-rest-framework,2.3.14,1774,buglocator,1,1,1,1
encode+django-rest-framework,2.3.14,1774,bluir,1,2,0.5,0.5
encode+django-rest-framework,2.3.14,1775,buglocator,2,1,1,0.611111111
encode+django-rest-framework,2.3.14,1775,bluir,2,2,0.5,0.302631579
encode+django-rest-framework,2.3.5,940,buglocator,1,6,0.166666667,0.166666667
encode+django-rest-framework,2.3.5,940,bluir,1,26,0.038461538,0.038461538
encode+django-rest-framework,2.3.6,1035,buglocator,2,1,1,0.75
encode+django-rest-framework,2.3.6,1035,bluir,2,1,1,0.666666667
encode+django-rest-framework,2.4.0,1811,buglocator,2,12,0.083333333,0.113095238
encode+django-rest-framework,2.4.0,1811,bluir,2,56,0.017857143,0.02127425
encode+django-rest-framework,2.4.5,2872,buglocator,1,7,0.142857143,0.142857143
encode+django-rest-framework,2.4.5,2872,bluir,1,4,0.25,0.25
encode+django-rest-framework,3.0.0,2168,buglocator,3,2,0.5,0.314814815
encode+django-rest-framework,3.0.0,2168,bluir,3,1,1,1
encode+django-rest-framework,3.0.0,2169,buglocator,2,3,0.333333333,0.366666667
encode+django-rest-framework,3.0.0,2169,bluir,2,3,0.333333333,0.366666667
encode+django-rest-framework,3.0.0,2194,buglocator,1,1,1,1
encode+django-rest-framework,3.0.0,2194,bluir,1,1,1,1
encode+django-rest-framework,3.0.0,2202,buglocator,1,1,1,1
encode+django-rest-framework,3.0.0,2202,bluir,1,2,0.5,0.5
encode+django-rest-framework,3.0.3,2466,buglocator,2,1,1,1
encode+django-rest-framework,3.0.3,2466,bluir,2,23,0.043478261,0.043478261
encode+django-rest-framework,3.0.5,2563,buglocator,5,6,0.166666667,0.188501289
encode+django-rest-framework,3.0.5,2563,bluir,5,4,0.25,0.236335404
encode+django-rest-framework,3.10.2,6834,buglocator,2,1,1,0.666666667
encode+django-rest-framework,3.10.2,6834,bluir,2,3,0.333333333,0.277777778
encode+django-rest-framework,3.10.2,6856,buglocator,2,2,0.5,0.416666667
encode+django-rest-framework,3.10.2,6856,bluir,2,13,0.076923077,0.105128205
encode+django-rest-framework,3.10.3,7017,buglocator,2,4,0.25,0.153571429
encode+django-rest-framework,3.10.3,7017,bluir,2,17,0.058823529,0.067873303
encode+django-rest-framework,3.11.0,7100,buglocator,2,1,1,0.833333333
encode+django-rest-framework,3.11.0,7100,bluir,2,3,0.333333333,0.416666667
encode+django-rest-framework,3.11.0,7442,buglocator,2,1,1,1
encode+django-rest-framework,3.11.0,7442,bluir,2,11,0.090909091,0.055163283
encode+django-rest-framework,3.13.1,8427,buglocator,2,1,1,0.566666667
encode+django-rest-framework,3.13.1,8427,bluir,2,1,1,0.75
encode+django-rest-framework,3.14.0,8726,buglocator,3,2,0.5,0.271990741
encode+django-rest-framework,3.14.0,8726,bluir,3,2,0.5,0.239177489
encode+django-rest-framework,3.2.2,3274,buglocator,2,2,0.5,0.321428571
encode+django-rest-framework,3.2.2,3274,bluir,2,2,0.5,0.583333333
encode+django-rest-framework,3.3.0,3559,buglocator,1,3,0.333333333,0.333333333
encode+django-rest-framework,3.3.0,3559,bluir,1,3,0.333333333,0.333333333
encode+django-rest-framework,3.3.1,3647,buglocator,2,7,0.142857143,0.113095238
encode+django-rest-framework,3.3.1,3647,bluir,2,12,0.083333333,0.071078431
encode+django-rest-framework,3.3.1,3674,buglocator,4,1,1,0.816666667
encode+django-rest-framework,3.3.1,3674,bluir,4,2,0.5,0.322608696
encode+django-rest-framework,3.5.2,4655,buglocator,1,2,0.5,0.5
encode+django-rest-framework,3.5.2,4655,bluir,1,77,0.012987013,0.012987013
encode+django-rest-framework,3.5.3,4749,buglocator,2,1,1,0.590909091
encode+django-rest-framework,3.5.3,4749,bluir,2,30,0.033333333,0.032539683
encode+django-rest-framework,3.6.3,5258,buglocator,1,3,0.333333333,0.333333333
encode+django-rest-framework,3.6.3,5258,bluir,1,4,0.25,0.25
encode+django-rest-framework,3.6.3,5337,buglocator,5,2,0.5,0.259380952
encode+django-rest-framework,3.6.3,5337,bluir,5,8,0.125,0.13192719
encode+django-rest-framework,3.6.4,5371,buglocator,1,3,0.333333333,0.333333333
encode+django-rest-framework,3.6.4,5371,bluir,1,109,0.009174312,0.009174312
encode+django-rest-framework,3.6.4,5395,buglocator,4,5,0.2,0.087517875
encode+django-rest-framework,3.6.4,5395,bluir,4,9,0.111111111,0.065439392
encode+django-rest-framework,3.7.1,5528,buglocator,2,9,0.111111111,0.114379085
encode+django-rest-framework,3.7.1,5528,bluir,2,9,0.111111111,0.111111111
encode+django-rest-framework,3.7.3,5582,buglocator,2,2,0.5,0.287037037
encode+django-rest-framework,3.7.3,5582,bluir,2,7,0.142857143,0.084415584
encode+django-rest-framework,3.7.3,5594,buglocator,2,3,0.333333333,0.30952381
encode+django-rest-framework,3.7.3,5594,bluir,2,6,0.166666667,0.194444444
encode+django-rest-framework,3.7.3,5675,buglocator,3,6,0.166666667,0.13065437
encode+django-rest-framework,3.7.3,5675,bluir,3,2,0.5,0.353741497
encode+django-rest-framework,3.7.7,5873,buglocator,2,22,0.045454545,0.066205534
encode+django-rest-framework,3.7.7,5873,bluir,2,14,0.071428571,0.088345865
encode+django-rest-framework,3.8.2,6088,buglocator,2,1,1,0.833333333
encode+django-rest-framework,3.8.2,6088,bluir,2,1,1,0.625
encode+django-rest-framework,3.8.2,6094,buglocator,2,2,0.5,0.5
encode+django-rest-framework,3.8.2,6094,bluir,2,4,0.25,0.291666667
encode+django-rest-framework,3.9.0,6280,buglocator,4,1,1,0.715277778
encode+django-rest-framework,3.9.0,6280,bluir,4,1,1,0.805555556
encode+django-rest-framework,3.9.0,6317,buglocator,1,1,1,1
encode+django-rest-framework,3.9.0,6317,bluir,1,1,1,1
encode+django-rest-framework,3.9.0,6324,buglocator,2,1,1,1
encode+django-rest-framework,3.9.0,6324,bluir,2,2,0.5,0.583333333
encode+django-rest-framework,3.9.2,6504,buglocator,2,8,0.125,0.1625
encode+django-rest-framework,3.9.2,6504,bluir,2,4,0.25,0.325
flask-restful+flask-restful,0.3.1,396,buglocator,2,2,0.5,0.583333333
flask-restful+flask-restful,0.3.1,396,bluir,2,1,1,1
flask-restful+flask-restful,0.3.4,526,buglocator,1,8,0.125,0.125
flask-restful+flask-restful,0.3.4,526,bluir,1,3,0.333333333,0.333333333
flask-restful+flask-restful,0.3.4,534,buglocator,2,2,0.5,0.361111111
flask-restful+flask-restful,0.3.4,534,bluir,2,2,0.5,0.583333333
flask-restful+flask-restful,0.3.5,673,buglocator,1,11,0.090909091,0.090909091
flask-restful+flask-restful,0.3.5,673,bluir,1,2,0.5,0.5
flask-restful+flask-restful,0.3.6,702,buglocator,2,1,1,0.833333333
flask-restful+flask-restful,0.3.6,702,bluir,2,1,1,1
flask-restful+flask-restful,0.3.7,791,buglocator,2,1,1,1
flask-restful+flask-restful,0.3.7,791,bluir,2,1,1,1
h5py+h5py,3.0.0,1732,buglocator,1,1,1,1
h5py+h5py,3.0.0,1732,bluir,1,9,0.111111111,0.111111111
h5py+h5py,3.1.0,1797,buglocator,2,2,0.5,0.45
h5py+h5py,3.1.0,1797,bluir,2,1,1,0.75
ipython+ipython,7.24.1,13020,buglocator,1,2,0.5,0.5
ipython+ipython,7.24.1,13020,bluir,1,1,1,1
ipython+ipython,7.27.0,13124,buglocator,1,1,1,1
ipython+ipython,7.27.0,13124,bluir,1,1,1,1
ipython+ipython,8.1.1,13602,buglocator,4,1,1,0.840909091
ipython+ipython,8.1.1,13602,bluir,4,2,0.5,0.294003868
ipython+ipython,8.8.0,13896,buglocator,1,1,1,1
ipython+ipython,8.8.0,13896,bluir,1,236,0.004237288,0.004237288
lordmauve+pgzero,1.1,46,buglocator,1,5,0.2,0.2
lordmauve+pgzero,1.1,46,bluir,1,34,0.029411765,0.029411765
lordmauve+pgzero,1.1,52,buglocator,1,8,0.125,0.125
lordmauve+pgzero,1.1,52,bluir,1,2,0.5,0.5
lordmauve+pgzero,1.1,54,buglocator,1,10,0.1,0.1
lordmauve+pgzero,1.1,54,bluir,1,10,0.1,0.1
lordmauve+pgzero,1.2.post5,227,buglocator,1,1,1,1
lordmauve+pgzero,1.2.post5,227,bluir,1,1,1,1
matplotlib+matplotlib,v3.5.2,23324,buglocator,2,2,0.5,0.416666667
matplotlib+matplotlib,v3.5.2,23324,bluir,2,2,0.5,0.260204082
matplotlib+matplotlib,v3.6.0,23986,buglocator,2,3,0.333333333,0.366666667
matplotlib+matplotlib,v3.6.0,23986,bluir,2,2,0.5,0.583333333
matplotlib+matplotlib,v3.6.0rc1,23687,buglocator,6,4,0.25,0.155790154
matplotlib+matplotlib,v3.6.0rc1,23687,bluir,6,1,1,0.422274336
matplotlib+matplotlib,v3.6.1,24199,buglocator,2,6,0.166666667,0.105072464
matplotlib+matplotlib,v3.6.1,24199,bluir,2,14,0.071428571,0.069047619
matplotlib+matplotlib,v3.7.0rc1,25124,buglocator,2,141,0.007092199,0.004984948
matplotlib+matplotlib,v3.7.0rc1,25124,bluir,2,31,0.032258065,0.044700461
matplotlib+matplotlib,v3.7.0rc1,25199,buglocator,1,5,0.2,0.2
matplotlib+matplotlib,v3.7.0rc1,25199,bluir,1,1,1,1
matplotlib+matplotlib,v3.7.1,25485,buglocator,1,37,0.027027027,0.027027027
matplotlib+matplotlib,v3.7.1,25485,bluir,1,2,0.5,0.5
miguelgrinberg+flask-socketio,v4.2.1,1054,buglocator,1,1,1,1
miguelgrinberg+flask-socketio,v4.2.1,1054,bluir,1,1,1,1
miguelgrinberg+flask-socketio,v4.2.1,1147,buglocator,1,1,1,1
miguelgrinberg+flask-socketio,v4.2.1,1147,bluir,1,1,1,1
miguelgrinberg+flask-socketio,v4.2.1,1155,buglocator,1,1,1,1
miguelgrinberg+flask-socketio,v4.2.1,1155,bluir,1,1,1,1
miguelgrinberg+flask-socketio,v4.3.1,1324,buglocator,1,1,1,1
miguelgrinberg+flask-socketio,v4.3.1,1324,bluir,1,1,1,1
miguelgrinberg+flask-socketio,v5.0.3,1555,buglocator,3,2,0.5,0.588888889
miguelgrinberg+flask-socketio,v5.0.3,1555,bluir,3,1,1,1
miguelgrinberg+flask-socketio,v5.1.1,1771,buglocator,1,1,1,1
miguelgrinberg+flask-socketio,v5.1.1,1771,bluir,1,1,1,1
miguelgrinberg+flask-socketio,v5.2.0,1856,buglocator,2,1,1,0.75
miguelgrinberg+flask-socketio,v5.2.0,1856,bluir,2,1,1,1
miguelgrinberg+flask-socketio,v5.3.1,1909,buglocator,1,1,1,1
miguelgrinberg+flask-socketio,v5.3.1,1909,bluir,1,1,1,1
mitmproxy+mitmproxy,9.0.0,5699,buglocator,1,8,0.125,0.125
mitmproxy+mitmproxy,9.0.0,5699,bluir,1,323,0.003095975,0.003095975
mitmproxy+mitmproxy,9.0.1,5715,buglocator,1,1,1,1
mitmproxy+mitmproxy,9.0.1,5715,bluir,1,237,0.004219409,0.004219409
mitmproxy+mitmproxy,9.0.1,5926,buglocator,12,2,0.5,0.281347208
mitmproxy+mitmproxy,9.0.1,5926,bluir,12,3,0.333333333,0.181705881
mitmproxy+mitmproxy,9.0.1,6029,buglocator,1,1,1,1
mitmproxy+mitmproxy,9.0.1,6029,bluir,1,1,1,1
mitmproxy+mitmproxy,v0.17.1,1111,buglocator,7,1,1,0.511040422
mitmproxy+mitmproxy,v0.17.1,1111,bluir,7,1,1,0.417132014
mitmproxy+mitmproxy,v0.17.1,1118,buglocator,7,1,1,0.389706796
mitmproxy+mitmproxy,v0.17.1,1118,bluir,7,7,0.142857143,0.122083489
mitmproxy+mitmproxy,v1.0.2,1910,buglocator,1,2,0.5,0.5
mitmproxy+mitmproxy,v1.0.2,1910,bluir,1,3,0.333333333,0.333333333
mitmproxy+mitmproxy,v1.0.2,2036,buglocator,2,4,0.25,0.325
mitmproxy+mitmproxy,v1.0.2,2036,bluir,2,2,0.5,0.416666667
mitmproxy+mitmproxy,v2.0.0,2113,buglocator,7,57,0.01754386,0.023415578
mitmproxy+mitmproxy,v2.0.0,2113,bluir,7,65,0.015384615,0.029296036
mitmproxy+mitmproxy,v2.0.1,2266,buglocator,7,1,1,0.213853653
mitmproxy+mitmproxy,v2.0.1,2266,bluir,7,3,0.333333333,0.073086404
mitmproxy+mitmproxy,v2.0.2,2315,buglocator,2,3,0.333333333,0.416666667
mitmproxy+mitmproxy,v2.0.2,2315,bluir,2,2,0.5,0.416666667
mitmproxy+mitmproxy,v2.0.2,2324,buglocator,2,8,0.125,0.098214286
mitmproxy+mitmproxy,v2.0.2,2324,bluir,2,62,0.016129032,0.018165526
mitmproxy+mitmproxy,v2.0.2,2407,buglocator,2,15,0.066666667,0.053333333
mitmproxy+mitmproxy,v2.0.2,2407,bluir,2,21,0.047619048,0.050125313
mitmproxy+mitmproxy,v2.0.2,2724,buglocator,3,25,0.04,0.033766126
mitmproxy+mitmproxy,v2.0.2,2724,bluir,3,58,0.017241379,0.019224801
mitmproxy+mitmproxy,v3.0.0rc2,2869,buglocator,1,270,0.003703704,0.003703704
mitmproxy+mitmproxy,v3.0.0rc2,2869,bluir,1,329,0.003039514,0.003039514
mitmproxy+mitmproxy,v3.0.4,3080,buglocator,1,7,0.142857143,0.142857143
mitmproxy+mitmproxy,v3.0.4,3080,bluir,1,10,0.1,0.1
mitmproxy+mitmproxy,v5.0.1,3765,buglocator,1,5,0.2,0.2
mitmproxy+mitmproxy,v5.0.1,3765,bluir,1,290,0.003448276,0.003448276
mitmproxy+mitmproxy,v7.0.4,5077,buglocator,1,1,1,1
mitmproxy+mitmproxy,v7.0.4,5077,bluir,1,1,1,1
mitmproxy+mitmproxy,v7.0.4,5089,buglocator,1,359,0.002785515,0.002785515
mitmproxy+mitmproxy,v7.0.4,5089,bluir,1,281,0.003558719,0.003558719
mitmproxy+mitmproxy,v7.0.4,5109,buglocator,4,1,1,0.579051383
mitmproxy+mitmproxy,v7.0.4,5109,bluir,4,2,0.5,0.244320215
mitmproxy+mitmproxy,v7.0.4,5159,buglocator,1,15,0.066666667,0.066666667
mitmproxy+mitmproxy,v7.0.4,5159,bluir,1,24,0.041666667,0.041666667
mitmproxy+mitmproxy,v8.0.0,5316,buglocator,2,17,0.058823529,0.048642534
mitmproxy+mitmproxy,v8.0.0,5316,bluir,2,6,0.166666667,0.103741497
mitmproxy+mitmproxy,v8.0.0,5337,buglocator,2,15,0.066666667,0.07037037
mitmproxy+mitmproxy,v8.0.0,5337,bluir,2,10,0.1,0.058849558
mitmproxy+mitmproxy,v8.0.0,5343,buglocator,1,2,0.5,0.5
mitmproxy+mitmproxy,v8.0.0,5343,bluir,1,3,0.333333333,0.333333333
mitmproxy+mitmproxy,v8.1.0,5372,buglocator,2,1,1,0.7
mitmproxy+mitmproxy,v8.1.0,5372,bluir,2,1,1,0.666666667
mitmproxy+mitmproxy,v8.1.0,5405,buglocator,1,10,0.1,0.1
mitmproxy+mitmproxy,v8.1.0,5405,bluir,1,1,1,1
mitmproxy+mitmproxy,v8.1.1,5474,buglocator,1,5,0.2,0.2
mitmproxy+mitmproxy,v8.1.1,5474,bluir,1,155,0.006451613,0.006451613
pallets+flask,0.10.1,1129,buglocator,1,1,1,1
pallets+flask,0.10.1,1129,bluir,1,7,0.142857143,0.142857143
pallets+flask,0.11.1,1911,buglocator,1,1,1,1
pallets+flask,0.11.1,1911,bluir,1,24,0.041666667,0.041666667
pallets+flask,0.11.1,2087,buglocator,2,1,1,1
pallets+flask,0.11.1,2087,bluir,2,1,1,0.75
pallets+flask,0.11.1,2118,buglocator,2,1,1,1
pallets+flask,0.11.1,2118,bluir,2,4,0.25,0.325
pallets+flask,0.12.1,2267,buglocator,1,1,1,1
pallets+flask,0.12.1,2267,bluir,1,1,1,1
pallets+flask,0.12.2,2357,buglocator,1,4,0.25,0.25
pallets+flask,0.12.2,2357,bluir,1,4,0.25,0.25
pallets+flask,0.12.2,2372,buglocator,1,3,0.333333333,0.333333333
pallets+flask,0.12.2,2372,bluir,1,60,0.016666667,0.016666667
pallets+flask,0.12.2,2411,buglocator,2,1,1,0.833333333
pallets+flask,0.12.2,2411,bluir,2,7,0.142857143,0.196428571
pallets+flask,0.8,382,buglocator,1,1,1,1
pallets+flask,0.8,382,bluir,1,9,0.111111111,0.111111111
pallets+flask,0.9,618,buglocator,1,1,1,1
pallets+flask,0.9,618,bluir,1,75,0.013333333,0.013333333
pallets+flask,1.0.3,3214,buglocator,2,2,0.5,0.361111111
pallets+flask,1.0.3,3214,bluir,2,1,1,1
pallets+flask,1.0.3,3224,buglocator,2,1,1,0.642857143
pallets+flask,1.0.3,3224,bluir,2,1,1,0.666666667
pallets+flask,1.1.2,3776,buglocator,1,3,0.333333333,0.333333333
pallets+flask,1.1.2,3776,bluir,1,10,0.1,0.1
pallets+jinja,2.9.4,668,buglocator,2,8,0.125,0.121323529
pallets+jinja,2.9.4,668,bluir,2,2,0.5,0.392857143
pallets+jinja,2.9.4,669,buglocator,2,4,0.25,0.175
pallets+jinja,2.9.4,669,bluir,2,3,0.333333333,0.25
pallets+jinja,2.9.5,675,buglocator,2,3,0.333333333,0.25
pallets+jinja,2.9.5,675,bluir,2,5,0.2,0.266666667
pandas-dev+pandas,v2.0.0rc1,52197,buglocator,2,1,1,0.833333333
pandas-dev+pandas,v2.0.0rc1,52197,bluir,2,1,1,0.583333333
paramiko+paramiko,2.0.2,854,buglocator,1,7,0.142857143,0.142857143
paramiko+paramiko,2.0.2,854,bluir,1,1,1,1
paramiko+paramiko,2.1.2,915,buglocator,3,1,1,0.698412698
paramiko+paramiko,2.1.2,915,bluir,3,1,1,0.588888889
psf+requests,v1.0.3,1051,buglocator,2,1,1,0.6
psf+requests,v1.0.3,1051,bluir,2,11,0.090909091,0.05974026
psf+requests,v1.1.0,1183,buglocator,1,1,1,1
psf+requests,v1.1.0,1183,bluir,1,1,1,1
psf+requests,v2.0.0,1655,buglocator,3,3,0.333333333,0.277777778
psf+requests,v2.0.0,1655,bluir,3,1,1,0.757575758
psf+requests,v2.0.1,1767,buglocator,1,2,0.5,0.5
psf+requests,v2.0.1,1767,bluir,1,75,0.013333333,0.013333333
psf+requests,v2.11.1,3659,buglocator,2,1,1,1
psf+requests,v2.11.1,3659,bluir,2,1,1,1
psf+requests,v2.2.1,1920,buglocator,2,1,1,0.833333333
psf+requests,v2.2.1,1920,bluir,2,1,1,0.75
psf+requests,v2.21.0,5048,buglocator,2,1,1,0.833333333
psf+requests,v2.21.0,5048,bluir,2,21,0.047619048,0.054112554
psf+requests,v2.26.0,5888,buglocator,3,4,0.25,0.337301587
psf+requests,v2.26.0,5888,bluir,3,1,1,0.633333333
psf+requests,v2.27.1,6104,buglocator,2,1,1,1
psf+requests,v2.27.1,6104,bluir,2,2,0.5,0.583333333
psf+requests,v2.3.0,2071,buglocator,1,1,1,1
psf+requests,v2.3.0,2071,bluir,1,1,1,1
psf+requests,v2.4.3,2345,buglocator,1,2,0.5,0.5
psf+requests,v2.4.3,2345,bluir,1,4,0.25,0.25
psf+requests,v2.5.3,2483,buglocator,1,39,0.025641026,0.025641026
psf+requests,v2.5.3,2483,bluir,1,27,0.037037037,0.037037037
py-pdf+pypdf,3.3.0,1585,buglocator,5,3,0.333333333,0.367028658
py-pdf+pypdf,3.3.0,1585,bluir,5,2,0.5,0.643333333
py-pdf+pypdf,3.6.0,1737,buglocator,2,1,1,0.6
py-pdf+pypdf,3.6.0,1737,bluir,2,1,1,0.7
pydata+numexpr,2.2.2,124,buglocator,1,4,0.25,0.25
pydata+numexpr,2.2.2,124,bluir,1,13,0.076923077,0.076923077
pyinstaller+pyinstaller,v5.6.2,7277,buglocator,1,6,0.166666667,0.166666667
pyinstaller+pyinstaller,v5.6.2,7277,bluir,1,13,0.076923077,0.076923077
pyinstaller+pyinstaller,v5.7.0,7413,buglocator,1,1,1,1
pyinstaller+pyinstaller,v5.7.0,7413,bluir,1,27,0.037037037,0.037037037
pyinstaller+pyinstaller,v5.8.0,7456,buglocator,3,29,0.034482759,0.015883927
pyinstaller+pyinstaller,v5.8.0,7456,bluir,3,15,0.066666667,0.046919559
pypa+pipenv,v11.1.5,1618,buglocator,2,6,0.166666667,0.183333333
pypa+pipenv,v11.1.5,1618,bluir,2,1,1,0.566666667
pypa+pipenv,v11.10.1,2088,buglocator,3,14,0.071428571,0.052849928
pypa+pipenv,v11.10.1,2088,bluir,3,15,0.066666667,0.073544974
pypa+pipenv,v11.10.4,2173,buglocator,1,22,0.045454545,0.045454545
pypa+pipenv,v11.10.4,2173,bluir,1,1,1,1
pypa+pipenv,v11.6.1,1690,buglocator,2,10,0.1,0.116666667
pypa+pipenv,v11.6.1,1690,bluir,2,1,1,0.583333333
pypa+pipenv,v2.8.7,965,buglocator,1,10,0.1,0.1
pypa+pipenv,v2.8.7,965,bluir,1,1,1,1
pypa+pipenv,v2018.10.13,3151,buglocator,1,30,0.033333333,0.033333333
pypa+pipenv,v2018.10.13,3151,bluir,1,13,0.076923077,0.076923077
pypa+pipenv,v2018.11.26,3407,buglocator,1,1,1,1
pypa+pipenv,v2018.11.26,3407,bluir,1,1,1,1
pypa+pipenv,v2018.11.26,4059,buglocator,1,22,0.045454545,0.045454545
pypa+pipenv,v2018.11.26,4059,bluir,1,13,0.076923077,0.076923077
pypa+pipenv,v2018.7.1,2613,buglocator,1,37,0.027027027,0.027027027
pypa+pipenv,v2018.7.1,2613,bluir,1,52,0.019230769,0.019230769
pypa+pipenv,v2018.7.1,2748,buglocator,2,57,0.01754386,0.024644946
pypa+pipenv,v2018.7.1,2748,bluir,2,1,1,0.514492754
pypa+pipenv,v2022.11.30,5530,buglocator,2,30,0.033333333,0.026375405
pypa+pipenv,v2022.11.30,5530,bluir,2,1,1,0.523255814
pypa+pipenv,v2022.12.19,5583,buglocator,1,14,0.071428571,0.071428571
pypa+pipenv,v2022.12.19,5583,bluir,1,64,0.015625,0.015625
pypa+pipenv,v2022.4.30,5092,buglocator,1,15,0.066666667,0.066666667
pypa+pipenv,v2022.4.30,5092,bluir,1,9,0.111111111,0.111111111
pypa+pipenv,v2022.6.7,5132,buglocator,3,11,0.090909091,0.063732982
pypa+pipenv,v2022.6.7,5132,bluir,3,22,0.045454545,0.032410679
pypa+pipenv,v2022.8.14,5254,buglocator,1,3,0.333333333,0.333333333
pypa+pipenv,v2022.8.14,5254,bluir,1,1,1,1
pypa+pipenv,v2022.8.15,5261,buglocator,1,31,0.032258065,0.032258065
pypa+pipenv,v2022.8.15,5261,bluir,1,60,0.016666667,0.016666667
pypa+pipenv,v2022.8.24,5296,buglocator,2,53,0.018867925,0.021933962
pypa+pipenv,v2022.8.24,5296,bluir,2,63,0.015873016,0.019564415
pypa+pipenv,v2022.9.8,5353,buglocator,1,50,0.02,0.02
pypa+pipenv,v2022.9.8,5353,bluir,1,233,0.004291845,0.004291845
pypa+pipenv,v3.4.1,228,buglocator,2,1,1,0.666666667
pypa+pipenv,v3.4.1,228,bluir,2,1,1,1
scikit-learn+scikit-learn,1.2.1,25627,buglocator,4,1,1,0.328820116
scikit-learn+scikit-learn,1.2.1,25627,bluir,4,3,0.333333333,0.131180988
scikit-learn+scikit-learn,1.2.2,25798,buglocator,2,1,1,1
scikit-learn+scikit-learn,1.2.2,25798,bluir,2,2,0.5,0.35
scrapy+scrapy,0.24.1,780,buglocator,2,26,0.038461538,0.029757085
scrapy+scrapy,0.24.1,780,bluir,2,30,0.033333333,0.029487179
scrapy+scrapy,1.0.3,1495,buglocator,3,1,1,0.866666667
scrapy+scrapy,1.0.3,1495,bluir,3,2,0.5,0.312169312
scrapy+scrapy,1.1.0,2011,buglocator,2,1,1,0.523255814
scrapy+scrapy,1.1.0,2011,bluir,2,7,0.142857143,0.081428571
scrapy+scrapy,1.1.1,2125,buglocator,1,3,0.333333333,0.333333333
scrapy+scrapy,1.1.1,2125,bluir,1,218,0.004587156,0.004587156
scrapy+scrapy,1.1.1,2157,buglocator,5,1,1,0.486488652
scrapy+scrapy,1.1.1,2157,bluir,5,1,1,0.306669334
scrapy+scrapy,1.2.1,2373,buglocator,2,4,0.25,0.25
scrapy+scrapy,1.2.1,2373,bluir,2,26,0.038461538,0.056267806
scrapy+scrapy,1.4.0,2862,buglocator,1,1,1,1
scrapy+scrapy,1.4.0,2862,bluir,1,2,0.5,0.5
scrapy+scrapy,1.5.0,3171,buglocator,1,1,1,1
scrapy+scrapy,1.5.0,3171,bluir,1,2,0.5,0.5
scrapy+scrapy,1.7.3,3953,buglocator,2,1,1,0.642857143
scrapy+scrapy,1.7.3,3953,bluir,2,2,0.5,0.416666667
scrapy+scrapy,1.7.3,3976,buglocator,2,1,1,0.642857143
scrapy+scrapy,1.7.3,3976,bluir,2,1,1,0.7
scrapy+scrapy,1.7.3,4014,buglocator,1,86,0.011627907,0.011627907
scrapy+scrapy,1.7.3,4014,bluir,1,39,0.025641026,0.025641026
scrapy+scrapy,1.8.2,5515,buglocator,1,37,0.027027027,0.027027027
scrapy+scrapy,1.8.2,5515,bluir,1,79,0.012658228,0.012658228
scrapy+scrapy,hojo,838,buglocator,1,11,0.090909091,0.090909091
scrapy+scrapy,hojo,838,bluir,1,290,0.003448276,0.003448276
sphinx-doc+sphinx,v5.2.3,10903,buglocator,5,7,0.142857143,0.072655185
sphinx-doc+sphinx,v5.2.3,10903,bluir,5,2,0.5,0.220350597
sphinx-doc+sphinx,v6.0.0,11079,buglocator,2,2,0.5,0.28030303
sphinx-doc+sphinx,v6.0.0,11079,bluir,2,2,0.5,0.583333333
sphinx-doc+sphinx,v6.1.1,11101,buglocator,1,91,0.010989011,0.010989011
sphinx-doc+sphinx,v6.1.1,11101,bluir,1,430,0.002325581,0.002325581
sphinx-doc+sphinx,v6.1.3,11264,buglocator,2,40,0.025,0.018951613
sphinx-doc+sphinx,v6.1.3,11264,bluir,2,5,0.2,0.266666667
wtforms+flask-wtf,v0.14.2,278,buglocator,1,0,0,0
wtforms+flask-wtf,v0.14.2,278,bluir,1,0,0,0
